{"cameraMode":{"drawMode":0,"name":"Shaded","section":"Shading Mode"},"sceneLighting":true,"audioPlay":false,"sceneViewState":{"showFog":true,"showMaterialUpdate":false,"showSkybox":true,"showFlares":true,"showImageEffects":true,"showParticleSystems":true},"in2DMode":false,"pivot":{"x":-0.24687258899211884,"y":2.6839849948883058,"z":0.17615263164043427},"rotation":{"x":0.09810873866081238,"y":-0.12060755491256714,"z":0.011979121714830399,"w":0.987765371799469},"size":2.1247448921203615,"orthographic":false}