{"cameraMode":{"drawMode":0,"name":"Shaded","section":"Shading Mode"},"sceneLighting":false,"audioPlay":false,"sceneViewState":{"showFog":true,"showMaterialUpdate":false,"showSkybox":false,"showFlares":true,"showImageEffects":true,"showParticleSystems":true},"in2DMode":false,"pivot":{"x":0.2652834355831146,"y":0.24458295106887818,"z":0.06840206682682038},"rotation":{"x":-0.0437806099653244,"y":0.026069005951285363,"z":-0.0011428236030042172,"w":-0.9987016320228577},"size":0.17320507764816285,"orthographic":false}