{"cameraMode":{"drawMode":0,"name":"Shaded","section":"Shading Mode"},"sceneLighting":false,"audioPlay":false,"sceneViewState":{"showFog":true,"showMaterialUpdate":false,"showSkybox":false,"showFlares":true,"showImageEffects":true,"showParticleSystems":true},"in2DMode":false,"pivot":{"x":-0.26388049125671389,"y":-0.4247410297393799,"z":0.3922111988067627},"rotation":{"x":-0.19188781082630158,"y":0.222170889377594,"z":-0.04464394226670265,"w":-0.9548994302749634},"size":2.598076105117798,"orthographic":false}